{"cameraMode":{"drawMode":0,"name":"Shaded","section":"Shading Mode"},"sceneLighting":true,"audioPlay":false,"sceneViewState":{"m_AlwaysRefresh":false,"showFog":true,"showSkybox":true,"showFlares":true,"showImageEffects":true,"showParticleSystems":true,"showVisualEffectGraphs":true,"m_FxEnabled":true},"in2DMode":false,"pivot":{"x":4.2585954666137699,"y":-1.454587459564209,"z":-7.360363960266113},"rotation":{"x":0.4077531099319458,"y":0.005478496663272381,"z":-0.0024465497117489578,"w":0.9130723476409912},"size":11.368985176086426,"orthographic":false}